{
  "path_elements": [
    {
      "type": "translation",
      "x_meters": 3.816394323655854,
      "y_meters": 7.331996240409114,
      "intermediate_handoff_radius_meters": 0.2
    },
    {
      "type": "rotation",
      "rotation_radians": 1.5707963267948966,
      "t_ratio": 0.4615107113220124,
      "profiled_rotation": true
    },
    {
      "type": "translation",
      "x_meters": 7.05843243673706,
      "y_meters": 6.940678073742735,
      "intermediate_handoff_radius_meters": 0.2
    },
    {
      "type": "waypoint",
      "translation_target": {
        "x_meters": 7.7306532917952815,
        "y_meters": 0.6149794963761099,
        "intermediate_handoff_radius_meters": 0.2
      },
      "rotation_target": {
        "rotation_radians": 2.0943951023931953,
        "profiled_rotation": true
      }
    }
  ]
}
